insert into books (id, author, category, name, price, added_to_store_date, published_date) values (2000, 'George Orwell', 0, 'Animal farm', 1200, '2023-05-15', '2023-05-12');
insert into books (id, author, category, name, price, added_to_store_date, published_date) values (2001, 'George Orwell', 0, '1984', 800, '2023-05-10', '2012-04-13');
insert into books (id, author, category, name, price, added_to_store_date, published_date) values (2002, 'Jovan Ducic', 1, 'Blago cara Radovana', 1400, '2020-01-10', '2000-10-10');
insert into books (id, author, category, name, price, added_to_store_date, published_date) values (2003, 'Marcus Aurelius', 3, 'Meditations', 950, '2018-05-15', '2018-07-11');
insert into books (id, author, category, name, price, added_to_store_date, published_date) values (2004, 'Stefan Tosic', 1, 'Book', 3500, '2023-03-22', '2023-02-27');
insert into books (id, author, category, name, price, added_to_store_date, published_date) values (2006, 'Vojin', 3, 'Knjiga', 4000, '2023-05-14', '2023-05-10');
insert into books (id, author, category, name, price, added_to_store_date, published_date) values (2040, 'J.R.R. Tolkien', 1, 'The Lord of the Rings', 3200, '2023-04-30', '2023-03-28');
insert into books (id, author, category, name, price, added_to_store_date, published_date) values (2041, 'Khaled Hosseini', 3, 'The Kite Runner', 1500, '2023-03-05', '2023-02-10');
insert into books (id, author, category, name, price, added_to_store_date, published_date) values (2042, 'J.K. Rowling', 3, 'Harry Potter and the Philosophers Stone', 4500, '2023-05-14', '2023-05-05');
insert into books (id, author, category, name, price, added_to_store_date, published_date) values (2043, 'Kurt Vonnegut', 3, 'Slaughterhouse-Five', 4200, '2023-03-18', '2023-03-15');
insert into books (id, author, category, name, price, added_to_store_date, published_date) values (2044, 'Harper Lee', 3, 'To Kill a Mockingbird', 2990, '2023-04-14', '2023-04-02');
insert into books (id, author, category, name, price, added_to_store_date, published_date) values (2045, 'Harper Lee', 3, 'To Kill a Mockingbird 2', 2890, '2023-05-14', '2023-05-02');
insert into books (id, author, category, name, price, added_to_store_date, published_date) values (2046, 'Markus Zusak', 3, 'The Book Thief', 1799, '2023-05-14', '2023-05-02');
insert into books (id, author, category, name, price, added_to_store_date, published_date) values (2047, 'Paulo Coelho', 0, 'The Alchemist', 1200, '2023-05-15', '2002-03-12');
insert into books (id, author, category, name, price, added_to_store_date, published_date) values (2051, 'Stephanie Myers', 0, 'The Twilight Saga', 5200, '2023-05-15', '2002-03-12');

insert into users (id, username, password, name) values (2005, 'vojin', '$2a$12$qpW8fwoq457m0A3KRe0S..W3lpn1mjJ/N2ULgKixsy/WNN0/G7bdy', 'vojin');
insert into users (id, username, password, name) values (2007, 'stefan', '$2a$12$qpW8fwoq457m0A3KRe0S..W3lpn1mjJ/N2ULgKixsy/WNN0/G7bdy', 'stefan');
insert into users (id, username, password, name) values (2008, 'ogi', '$2a$12$qpW8fwoq457m0A3KRe0S..W3lpn1mjJ/N2ULgKixsy/WNN0/G7bdy', 'ogi');
insert into users (id, username, password, name) values (2009, 'vanja', '$2a$12$qpW8fwoq457m0A3KRe0S..W3lpn1mjJ/N2ULgKixsy/WNN0/G7bdy', 'vanja');
insert into users (id, username, password, name) values (2010, 'miki', '$2a$12$qpW8fwoq457m0A3KRe0S..W3lpn1mjJ/N2ULgKixsy/WNN0/G7bdy', 'miki');
insert into users (id, username, password, name) values (2011, 'saska', '$2a$12$qpW8fwoq457m0A3KRe0S..W3lpn1mjJ/N2ULgKixsy/WNN0/G7bdy', 'saska');
insert into users (id, username, password, name) values (2012, 'milan', '$2a$12$qpW8fwoq457m0A3KRe0S..W3lpn1mjJ/N2ULgKixsy/WNN0/G7bdy', 'milan');
insert into users (id, username, password, name) values (2013, 'marko', '$2a$12$qpW8fwoq457m0A3KRe0S..W3lpn1mjJ/N2ULgKixsy/WNN0/G7bdy', 'marko');
insert into users (id, username, password, name) values (2014, 'bogi', '$2a$12$qpW8fwoq457m0A3KRe0S..W3lpn1mjJ/N2ULgKixsy/WNN0/G7bdy', 'bogi');
insert into users (id, username, password, name) values (2015, 'roki', '$2a$12$qpW8fwoq457m0A3KRe0S..W3lpn1mjJ/N2ULgKixsy/WNN0/G7bdy', 'roki');
insert into users (id, username, password, name) values (2016, 'neso', '$2a$12$qpW8fwoq457m0A3KRe0S..W3lpn1mjJ/N2ULgKixsy/WNN0/G7bdy', 'neso');
insert into users (id, username, password, name) values (2017, 'rade', '$2a$12$qpW8fwoq457m0A3KRe0S..W3lpn1mjJ/N2ULgKixsy/WNN0/G7bdy', 'rade');
insert into users (id, username, password, name) values (2018, 'mile', '$2a$12$qpW8fwoq457m0A3KRe0S..W3lpn1mjJ/N2ULgKixsy/WNN0/G7bdy', 'mile');
insert into users (id, username, password, name) values (2019, 'sanja', '$2a$12$qpW8fwoq457m0A3KRe0S..W3lpn1mjJ/N2ULgKixsy/WNN0/G7bdy', 'sanja');
insert into users (id, username, password, name) values (2020, 'sandra', '$2a$12$qpW8fwoq457m0A3KRe0S..W3lpn1mjJ/N2ULgKixsy/WNN0/G7bdy', 'sandra');

-- za Animal farm ocjene
insert into rates (id, rate, book_id, user_id) values (2039, 5, 2000, 2005);
insert into rates (id, rate, book_id, user_id) values (2021, 5, 2000, 2007);
insert into rates (id, rate, book_id, user_id) values (2022, 1, 2000, 2008);
insert into rates (id, rate, book_id, user_id) values (2023, 2, 2000, 2009);
insert into rates (id, rate, book_id, user_id) values (2024, 1, 2000, 2010);
insert into rates (id, rate, book_id, user_id) values (2025, 3, 2000, 2011);
insert into rates (id, rate, book_id, user_id) values (2026, 1, 2000, 2012);
insert into rates (id, rate, book_id, user_id) values (2027, 2, 2000, 2013);
insert into rates (id, rate, book_id, user_id) values (2028, 1, 2000, 2014);
insert into rates (id, rate, book_id, user_id) values (2029, 2, 2000, 2015);
insert into rates (id, rate, book_id, user_id) values (2030, 3, 2000, 2016);
insert into rates (id, rate, book_id, user_id) values (2031, 2, 2000, 2017);

-- za The Alchemist ocjene
insert into rates (id, rate, book_id, user_id) values (2048, 1, 2047, 2005);
insert into rates (id, rate, book_id, user_id) values (2049, 2, 2047, 2007);
insert into rates (id, rate, book_id, user_id) values (2050, 1, 2047, 2008);

-- za Meditations ocjene
insert into rates (id, rate, book_id, user_id) values (2032, 5, 2003, 2005);
insert into rates (id, rate, book_id, user_id) values (2033, 5, 2003, 2016);
insert into rates (id, rate, book_id, user_id) values (2034, 4, 2003, 2015);
insert into rates (id, rate, book_id, user_id) values (2035, 5, 2003, 2014);
insert into rates (id, rate, book_id, user_id) values (2036, 4, 2003, 2013);
insert into rates (id, rate, book_id, user_id) values (2037, 5, 2003, 2012);
insert into rates (id, rate, book_id, user_id) values (2038, 4, 2003, 2011);
insert into rates (id, rate, book_id, user_id) values (2134, 2, 2003, 2005);
insert into rates (id, rate, book_id, user_id) values (2135, 2, 2003, 2007);

insert into rates (id, rate, book_id, user_id) values (2032, 5, 2040, 2005);
insert into rates (id, rate, book_id, user_id) values (2032, 5, 2041, 2005);
insert into rates (id, rate, book_id, user_id) values (2032, 5, 2042, 2005);
insert into rates (id, rate, book_id, user_id) values (2032, 5, 2043, 2005);
insert into rates (id, rate, book_id, user_id) values (2032, 5, 2044, 2005);
insert into rates (id, rate, book_id, user_id) values (2032, 5, 2045, 2005);
insert into rates (id, rate, book_id, user_id) values (2032, 5, 2046, 2005);

insert into rates (id, rate, book_id, user_id) values (2032, 5, 2040, 2007);
insert into rates (id, rate, book_id, user_id) values (2032, 5, 2041, 2007);
insert into rates (id, rate, book_id, user_id) values (2032, 5, 2042, 2007);


--genres
insert into genres (id, genre) values(1, 0);
insert into genres (id, genre) values(2, 1);
insert into genres (id, genre) values(3, 2);
insert into genres (id, genre) values(4, 3);
insert into genres (id, genre) values(5, 4);

--user genres
insert into user_genres(users_id, genres_id) values(2005, 1);
insert into user_genres(users_id, genres_id) values(2005, 2);
insert into user_genres(users_id, genres_id) values(2007, 3);
insert into user_genres(users_id, genres_id) values(2007, 1);


-- orders
INSERT INTO public.orders (id, creation_time, discounted_price, order_price, user_id) VALUES (3000, '2023-05-30 11:36:04.924100', 8739, 8999, 2005);

INSERT INTO public.order_items (id, amount, book_id, category, discount, discount_price, price, order_id) VALUES (3000, 1, 2000, 'Fiction', 0, 0, 1200, 3000);
INSERT INTO public.order_items (id, amount, book_id, category, discount, discount_price, price, order_id) VALUES (3001, 1, 2001, 'Fiction', 0, 0, 800, 3000);
INSERT INTO public.order_items (id, amount, book_id, category, discount, discount_price, price, order_id) VALUES (3002, 1, 2051, 'Fiction', 5, 4940, 5200, 3000);
INSERT INTO public.order_items (id, amount, book_id, category, discount, discount_price, price, order_id) VALUES (3003, 1, 2046, 'Philosophy', 0, 0, 1799, 3000);

